uuid,adm4_pcode,date,freq,rwi_max,rwi_mean,rwi_median,rwi_min,rwi_std,,uuid ? Unique ID for the record.
TMRWI0002CF,PH137401001,1/1/2016,Y,0.7648559,0.707656263,0.707685338,0.655876606,0.03726615,,
TMRWI00069A,PH137401001,1/1/2017,Y,0.7648559,0.707159195,0.706729957,0.659163396,0.03662756,,adm4_pcode ? Administrative code for the barangay (ADM4 level).
TMRWI000956,PH137401001,1/1/2018,Y,0.7648559,0.706355585,0.702834137,0.660482912,0.03659098,,
TMRWI000AD9,PH137401001,1/1/2019,Y,0.7648559,0.707700382,0.703614927,0.665919514,0.03588249,,date ? Reference date of the measurement.
TMRWI001040,PH137401001,1/1/2020,Y,0.777159162,0.732407388,0.721018119,0.689438692,0.029323138,,
TMRWI0011CA,PH137401001,1/1/2021,Y,0.798891707,0.78659885,0.787911946,0.77303906,0.008303663,,"freq ? Frequency of data collection (e.g., Y = yearly)."
TMRWI0015AB,PH137401001,1/1/2022,Y,0.795771434,0.784782226,0.787026668,0.772017855,0.009238673,,
TMRWI0002CA,PH137401002,1/1/2016,Y,0.695681669,0.695681669,0.695681669,0.695681669,,,rwi_max ? Maximum relative wealth index value within the barangay.
TMRWI0006A5,PH137401002,1/1/2017,Y,0.695647878,0.695647878,0.695647878,0.695647878,,,
TMRWI000958,PH137401002,1/1/2018,Y,0.680723744,0.680723744,0.680723744,0.680723744,,,rwi_mean ? Mean (average) relative wealth index value.
TMRWI000AD6,PH137401002,1/1/2019,Y,0.682798115,0.682798115,0.682798115,0.682798115,,,
TMRWI00103B,PH137401002,1/1/2020,Y,0.781557189,0.781557189,0.781557189,0.781557189,,,rwi_median ? Median relative wealth index value.
TMRWI0011BB,PH137401002,1/1/2021,Y,0.788769422,0.788769422,0.788769422,0.788769422,,,
TMRWI0015AF,PH137401002,1/1/2022,Y,0.671670179,0.671670179,0.671670179,0.671670179,,,rwi_min ? Minimum relative wealth index value.
TMRWI0002F3,PH137401003,1/1/2016,Y,0.706541398,0.682261484,0.689341866,0.643820805,0.02697623,,
TMRWI0006AE,PH137401003,1/1/2017,Y,0.706541398,0.6826401,0.69029476,0.643429481,0.027281012,,rwi_std ? Standard deviation (variation) of the relative wealth index values.
TMRWI00095A,PH137401003,1/1/2018,Y,0.706541398,0.684293233,0.693601026,0.643429481,0.02794251,,
TMRWI000AD5,PH137401003,1/1/2019,Y,0.706541398,0.683670154,0.692159206,0.643820805,0.027422826,,
TMRWI001034,PH137401003,1/1/2020,Y,0.745959557,0.736834757,0.739276417,0.722826635,0.010290955,,
TMRWI0011E5,PH137401003,1/1/2021,Y,0.803072826,0.78162582,0.783336087,0.756758279,0.019659257,,
TMRWI001594,PH137401003,1/1/2022,Y,0.794868804,0.780192408,0.784622899,0.756655029,0.017216339,,
TMRWI0002EF,PH137401004,1/1/2016,Y,0.706541398,0.695075043,0.692142521,0.686541212,0.01031754,,
TMRWI00067E,PH137401004,1/1/2017,Y,0.706541398,0.695710306,0.692142521,0.688447,0.009560263,,
TMRWI00095C,PH137401004,1/1/2018,Y,0.706541398,0.697914484,0.695059532,0.692142521,0.00761216,,
TMRWI000AD1,PH137401004,1/1/2019,Y,0.706541398,0.69695327,0.692807924,0.691510489,0.008328864,,
TMRWI00102F,PH137401004,1/1/2020,Y,0.745959557,0.741504131,0.742902601,0.735650233,0.005295029,,
TMRWI0011DD,PH137401004,1/1/2021,Y,0.803072826,0.783100242,0.789469619,0.756758279,0.023805168,,
TMRWI00157C,PH137401004,1/1/2022,Y,0.794868804,0.780830914,0.790968908,0.756655029,0.021027537,,
TMRWI0002E6,PH137401005,1/1/2016,Y,0.732910898,0.686303525,0.67540019,0.661502821,0.031757847,,
TMRWI000687,PH137401005,1/1/2017,Y,0.732910898,0.686564241,0.67540019,0.662545687,0.031489525,,
TMRWI000919,PH137401005,1/1/2018,Y,0.732910898,0.687073107,0.675723782,0.663933967,0.031060348,,
TMRWI000AD0,PH137401005,1/1/2019,Y,0.732910898,0.689500136,0.679750193,0.665589262,0.029862444,,
TMRWI001069,PH137401005,1/1/2020,Y,0.765019721,0.741699561,0.7412615,0.719255523,0.019130372,,
TMRWI0011D1,PH137401005,1/1/2021,Y,0.777194926,0.765478272,0.766157511,0.752403139,0.011502959,,
TMRWI001580,PH137401005,1/1/2022,Y,0.777703292,0.764818085,0.7639353,0.753698446,0.010722699,,
TMRWI0002E1,PH137401006,1/1/2016,Y,0.732910898,0.701885106,0.699341959,0.675945609,0.02416648,,
TMRWI000691,PH137401006,1/1/2017,Y,0.732910898,0.701885106,0.699341959,0.675945609,0.02416648,,
TMRWI00090C,PH137401006,1/1/2018,Y,0.732910898,0.701885106,0.699341959,0.675945609,0.02416648,,
TMRWI000ACD,PH137401006,1/1/2019,Y,0.732910898,0.701727098,0.699025943,0.675945609,0.024253324,,
TMRWI001064,PH137401006,1/1/2020,Y,0.765019721,0.743284351,0.744431079,0.719255523,0.018771551,,
TMRWI001191,PH137401006,1/1/2021,Y,0.789469619,0.76963573,0.766157511,0.756758279,0.014957721,,
TMRWI001584,PH137401006,1/1/2022,Y,0.790968908,0.771020265,0.768228561,0.756655029,0.016324181,,
TMRWI000268,PH137401007,1/1/2016,Y,0.738880612,0.71728114,0.71728114,0.695681669,0.030546266,,
TMRWI0003ED,PH137401007,1/1/2017,Y,0.738502418,0.717075148,0.717075148,0.695647878,0.030302736,,
TMRWI0008D6,PH137401007,1/1/2018,Y,0.738382482,0.709553113,0.709553113,0.680723744,0.040770884,,
TMRWI000ACB,PH137401007,1/1/2019,Y,0.738382482,0.710590299,0.710590299,0.682798115,0.039304083,,
TMRWI00106A,PH137401007,1/1/2020,Y,0.791051573,0.786304381,0.786304381,0.781557189,0.006713543,,
TMRWI001188,PH137401007,1/1/2021,Y,0.804374,0.796571711,0.796571711,0.788769422,0.011034103,,
TMRWI001589,PH137401007,1/1/2022,Y,0.806704284,0.739187232,0.739187232,0.671670179,0.095483531,,
TMRWI0002E7,PH137401008,1/1/2016,Y,0.674854771,0.668178796,0.668178796,0.661502821,0.009441254,,
TMRWI0003FA,PH137401008,1/1/2017,Y,0.674854771,0.668700229,0.668700229,0.662545687,0.008703837,,
TMRWI0008D8,PH137401008,1/1/2018,Y,0.675501955,0.669717961,0.669717961,0.663933967,0.008179803,,
TMRWI000AC8,PH137401008,1/1/2019,Y,0.683554777,0.67457202,0.67457202,0.665589262,0.012703537,,
TMRWI001057,PH137401008,1/1/2020,Y,0.746259746,0.7412615,0.7412615,0.736263255,0.007068586,,
TMRWI0011B0,PH137401008,1/1/2021,Y,0.777194926,0.764799033,0.764799033,0.752403139,0.017530441,,
TMRWI00158E,PH137401008,1/1/2022,Y,0.769116771,0.761407609,0.761407609,0.753698446,0.010902402,,
TMRWI0002EE,PH137401009,1/1/2016,Y,0.695681669,0.695681669,0.695681669,0.695681669,,,
TMRWI0003CD,PH137401009,1/1/2017,Y,0.695647878,0.695647878,0.695647878,0.695647878,,,
TMRWI0008DA,PH137401009,1/1/2018,Y,0.680723744,0.680723744,0.680723744,0.680723744,,,
TMRWI000AC6,PH137401009,1/1/2019,Y,0.682798115,0.682798115,0.682798115,0.682798115,,,
TMRWI001052,PH137401009,1/1/2020,Y,0.781557189,0.781557189,0.781557189,0.781557189,,,
TMRWI0011A8,PH137401009,1/1/2021,Y,0.788769422,0.788769422,0.788769422,0.788769422,,,
TMRWI001592,PH137401009,1/1/2022,Y,0.671670179,0.671670179,0.671670179,0.671670179,,,
TMRWI0002F2,PH137401010,1/1/2016,Y,0.738880612,0.700693589,0.695681669,0.667518487,0.035944092,,
TMRWI0003DC,PH137401010,1/1/2017,Y,0.738502418,0.700394692,0.695647878,0.667033778,0.035969999,,
TMRWI0008DC,PH137401010,1/1/2018,Y,0.738382482,0.695235655,0.680723744,0.666600739,0.038027639,,
TMRWI000AC4,PH137401010,1/1/2019,Y,0.738382482,0.695936787,0.682798115,0.666629762,0.037637504,,
TMRWI00104E,PH137401010,1/1/2020,Y,0.791051573,0.754015818,0.781557189,0.689438692,0.056126551,,
TMRWI0011A0,PH137401010,1/1/2021,Y,0.804374,0.793685123,0.788769422,0.787911946,0.009266762,,
TMRWI0015B5,PH137401010,1/1/2022,Y,0.806704284,0.75513371,0.787026668,0.671670179,0.072948084,,
TMRWI0002CC,PH137401011,1/1/2016,Y,0.705725808,0.686622148,0.686622148,0.667518487,0.027016656,,
TMRWI000425,PH137401011,1/1/2017,Y,0.701359986,0.684196882,0.684196882,0.667033778,0.024272294,,
TMRWI0008DE,PH137401011,1/1/2018,Y,0.698339071,0.682469905,0.682469905,0.666600739,0.02244239,,
TMRWI000ACE,PH137401011,1/1/2019,Y,0.69804482,0.682337291,0.682337291,0.666629762,0.0222138,,
TMRWI001060,PH137401011,1/1/2020,Y,0.721018119,0.705228405,0.705228405,0.689438692,0.022330027,,
TMRWI001193,PH137401011,1/1/2021,Y,0.789230114,0.78857103,0.78857103,0.787911946,0.000932085,,
TMRWI0015D8,PH137401011,1/1/2022,Y,0.795771434,0.791399051,0.791399051,0.787026668,0.006183483,,
TMRWI0002CE,PH137401012,1/1/2016,Y,0.695681669,0.695681669,0.695681669,0.695681669,,,
TMRWI000431,PH137401012,1/1/2017,Y,0.695647878,0.695647878,0.695647878,0.695647878,,,
TMRWI0008E0,PH137401012,1/1/2018,Y,0.680723744,0.680723744,0.680723744,0.680723744,,,
TMRWI000ADE,PH137401012,1/1/2019,Y,0.682798115,0.682798115,0.682798115,0.682798115,,,
TMRWI001036,PH137401012,1/1/2020,Y,0.781557189,0.781557189,0.781557189,0.781557189,,,
TMRWI0011B8,PH137401012,1/1/2021,Y,0.788769422,0.788769422,0.788769422,0.788769422,,,
TMRWI0015DC,PH137401012,1/1/2022,Y,0.671670179,0.671670179,0.671670179,0.671670179,,,
TMRWI0002D8,PH137401013,1/1/2016,Y,0.732910898,0.686075058,0.682284745,0.661502821,0.02415723,,
TMRWI000405,PH137401013,1/1/2017,Y,0.732910898,0.687216038,0.691831305,0.662327907,0.024001604,,
TMRWI0008E2,PH137401013,1/1/2018,Y,0.732910898,0.686908623,0.691831305,0.662327907,0.023371695,,
TMRWI000AFA,PH137401013,1/1/2019,Y,0.732910898,0.68811341,0.691831305,0.662327907,0.022891825,,
TMRWI001048,PH137401013,1/1/2020,Y,0.773282857,0.752813175,0.747515832,0.736263255,0.012701275,,
TMRWI00114D,PH137401013,1/1/2021,Y,0.791526108,0.768602716,0.772782931,0.742542133,0.014686278,,
TMRWI0015E0,PH137401013,1/1/2022,Y,0.789295848,0.76869489,0.769116771,0.753698446,0.011172277,,
TMRWI0002DA,PH137401014,1/1/2016,Y,0.706541398,0.678007094,0.680833087,0.643820805,0.026230051,,
TMRWI000412,PH137401014,1/1/2017,Y,0.706541398,0.67838571,0.681785981,0.643429481,0.026624192,,
TMRWI0008E4,PH137401014,1/1/2018,Y,0.706541398,0.679836154,0.684686869,0.643429481,0.027693917,,
TMRWI000AF8,PH137401014,1/1/2019,Y,0.706541398,0.679624035,0.68406697,0.643820805,0.027072148,,
TMRWI00109D,PH137401014,1/1/2020,Y,0.745959557,0.722322156,0.729238434,0.6848522,0.026712148,,
TMRWI001157,PH137401014,1/1/2021,Y,0.803072826,0.791113894,0.792090097,0.777202556,0.010834838,,
TMRWI0015E4,PH137401014,1/1/2022,Y,0.794868804,0.788553935,0.790535023,0.77827689,0.007158239,,
TMRWI000312,PH137401015,1/1/2016,Y,0.730300931,0.711480291,0.711480291,0.692659651,0.026616404,,
TMRWI0003AD,PH137401015,1/1/2017,Y,0.723121354,0.709167853,0.709167853,0.695214352,0.019733231,,
TMRWI0008E6,PH137401015,1/1/2018,Y,0.723121354,0.708734563,0.708734563,0.694347771,0.020345996,,
TMRWI000AF6,PH137401015,1/1/2019,Y,0.723121354,0.706864984,0.706864984,0.690608614,0.022989979,,
TMRWI00107A,PH137401015,1/1/2020,Y,0.754799068,0.750667672,0.750667672,0.746536276,0.005842677,,
TMRWI00127A,PH137401015,1/1/2021,Y,0.801226126,0.796112437,0.796112437,0.790998748,0.007231849,,
TMRWI0015E9,PH137401015,1/1/2022,Y,0.810749449,0.796893172,0.796893172,0.783036894,0.019595736,,
TMRWI000316,PH137401016,1/1/2016,Y,0.732910898,0.68945468,0.682284745,0.661502821,0.023860672,,
TMRWI000390,PH137401016,1/1/2017,Y,0.732910898,0.691096413,0.692142521,0.662545687,0.023449437,,
TMRWI0008D4,PH137401016,1/1/2018,Y,0.732910898,0.691387194,0.692142521,0.663933967,0.023096592,,
TMRWI000AF3,PH137401016,1/1/2019,Y,0.732910898,0.692773589,0.691510489,0.665589262,0.022021405,,
TMRWI00102D,PH137401016,1/1/2020,Y,0.767824837,0.746212177,0.745959557,0.719255523,0.016620732,,
TMRWI0012AF,PH137401016,1/1/2021,Y,0.791526108,0.771381013,0.772782931,0.752403139,0.015722439,,
TMRWI0015EE,PH137401016,1/1/2022,Y,0.790968908,0.770884589,0.769116771,0.753698446,0.015475644,,
TMRWI00031E,PH137401017,1/1/2016,Y,0.732910898,0.70239896,0.705725808,0.66320683,0.025632791,,
TMRWI0003AF,PH137401017,1/1/2017,Y,0.732910898,0.703060225,0.701359986,0.662938896,0.024548864,,
TMRWI0008D3,PH137401017,1/1/2018,Y,0.732910898,0.702105159,0.698339071,0.662938896,0.024594028,,
TMRWI000AF2,PH137401017,1/1/2019,Y,0.735742631,0.702589336,0.69804482,0.662938896,0.025233152,,
TMRWI000FE2,PH137401017,1/1/2020,Y,0.767824837,0.745001805,0.747515832,0.720669637,0.01882025,,
TMRWI001290,PH137401017,1/1/2021,Y,0.791526108,0.776497856,0.77303906,0.756758279,0.011950334,,
TMRWI0015C2,PH137401017,1/1/2022,Y,0.795771434,0.775799146,0.773877775,0.756655029,0.013416223,,
TMRWI000322,PH137401018,1/1/2016,Y,0.772375323,0.722788252,0.713059017,0.692659651,0.0371954,,
TMRWI0003C1,PH137401018,1/1/2017,Y,0.775885659,0.722605747,0.709661488,0.695214352,0.037799829,,
TMRWI0008BE,PH137401018,1/1/2018,Y,0.772375323,0.721511517,0.709661488,0.694347771,0.036369301,,
TMRWI000AEE,PH137401018,1/1/2019,Y,0.764576803,0.718625456,0.709658203,0.690608614,0.033762928,,
TMRWI000FB7,PH137401018,1/1/2020,Y,0.807300013,0.77573815,0.774558156,0.746536276,0.029622787,,
TMRWI0011FE,PH137401018,1/1/2021,Y,0.824371909,0.803802975,0.799920622,0.790998748,0.014382667,,
TMRWI0015B9,PH137401018,1/1/2022,Y,0.817270307,0.800828376,0.801503152,0.783036894,0.015903591,,
TMRWI0002FA,PH137401019,1/1/2016,Y,0.738880612,0.700738734,0.695817104,0.667518487,0.035934733,,
TMRWI0003A5,PH137401019,1/1/2017,Y,0.738502418,0.700579273,0.696201621,0.667033778,0.035934865,,
TMRWI0008C0,PH137401019,1/1/2018,Y,0.738382482,0.700394947,0.696201621,0.666600739,0.036074127,,
TMRWI000AED,PH137401019,1/1/2019,Y,0.738382482,0.700402432,0.696195052,0.666629762,0.036060917,,
TMRWI001011,PH137401019,1/1/2020,Y,0.794317243,0.75826917,0.791051573,0.689438692,0.059631302,,
TMRWI00122A,PH137401019,1/1/2021,Y,0.804374,0.796967021,0.798615117,0.787911946,0.008353859,,
TMRWI0015BE,PH137401019,1/1/2022,Y,0.806704284,0.795329269,0.792256855,0.787026668,0.010192249,,
TMRWI0002FE,PH137401020,1/1/2016,Y,0.738880612,0.706556652,0.695817104,0.675124963,0.026949233,,
TMRWI0003BE,PH137401020,1/1/2017,Y,0.738502418,0.705632942,0.696201621,0.675124963,0.025072299,,
TMRWI0008C2,PH137401020,1/1/2018,Y,0.738382482,0.705273487,0.696201621,0.674314207,0.025371731,,
TMRWI000AEA,PH137401020,1/1/2019,Y,0.738382482,0.704726704,0.696195052,0.675326015,0.025532257,,
TMRWI001026,PH137401020,1/1/2020,Y,0.794317243,0.754311272,0.754799068,0.6848522,0.044259402,,
TMRWI001205,PH137401020,1/1/2021,Y,0.804374,0.797984913,0.798615117,0.790998748,0.005273776,,
TMRWI0015D0,PH137401020,1/1/2022,Y,0.810749449,0.796569724,0.792256855,0.783036894,0.011697808,,
TMRWI000306,PH137401021,1/1/2016,Y,0.738880612,0.72162107,0.730300931,0.695681669,0.022870115,,
TMRWI000387,PH137401021,1/1/2017,Y,0.738502418,0.71909055,0.723121354,0.695647878,0.021709754,,
TMRWI0008C4,PH137401021,1/1/2018,Y,0.738382482,0.71407586,0.723121354,0.680723744,0.029874709,,
TMRWI000AE8,PH137401021,1/1/2019,Y,0.738382482,0.714767317,0.723121354,0.682798115,0.028718424,,
TMRWI000FFA,PH137401021,1/1/2020,Y,0.791051573,0.773048346,0.781557189,0.746536276,0.023445751,,
TMRWI001143,PH137401021,1/1/2021,Y,0.804374,0.798123183,0.801226126,0.788769422,0.008252085,,
TMRWI0015C7,PH137401021,1/1/2022,Y,0.810749449,0.763041304,0.806704284,0.671670179,0.07915556,,
TMRWI00030A,PH137401022,1/1/2016,Y,0.732910898,0.691290232,0.692142521,0.643820805,0.030625839,,
TMRWI0004DB,PH137401022,1/1/2017,Y,0.732910898,0.691840732,0.692142521,0.643429481,0.030178881,,
TMRWI0008C6,PH137401022,1/1/2018,Y,0.732910898,0.692657683,0.695059532,0.643429481,0.030085568,,
TMRWI000AE5,PH137401022,1/1/2019,Y,0.735742631,0.693419414,0.692807924,0.643820805,0.029745542,,
TMRWI001124,PH137401022,1/1/2020,Y,0.794317243,0.736380301,0.735650233,0.6848522,0.031314863,,
TMRWI001275,PH137401022,1/1/2021,Y,0.803072826,0.785859112,0.789469619,0.756758279,0.015143005,,
TMRWI0015CB,PH137401022,1/1/2022,Y,0.794868804,0.783214027,0.790101138,0.756655029,0.012715857,,
TMRWI000282,PH137401023,1/1/2016,Y,0.7648559,0.724340542,0.71339023,0.705725808,0.027646053,,
TMRWI0004E8,PH137401023,1/1/2017,Y,0.7648559,0.722827972,0.712548,0.701359986,0.028903726,,
TMRWI0008C8,PH137401023,1/1/2018,Y,0.7648559,0.721142216,0.710686947,0.698339071,0.030401909,,
TMRWI000AE3,PH137401023,1/1/2019,Y,0.7648559,0.721402692,0.711355024,0.69804482,0.03030677,,
TMRWI0010C9,PH137401023,1/1/2020,Y,0.777159162,0.750379626,0.751670612,0.721018119,0.023005441,,
TMRWI00121D,PH137401023,1/1/2021,Y,0.792281662,0.784539975,0.786419588,0.77303906,0.00846697,,
TMRWI001578,PH137401023,1/1/2022,Y,0.795771434,0.784588397,0.785282149,0.772017855,0.009983289,,
TMRWI000286,PH137401024,1/1/2016,Y,0.738880612,0.715170079,0.713059017,0.695681669,0.022697047,,
TMRWI0004B9,PH137401024,1/1/2017,Y,0.738502418,0.713368318,0.709661488,0.695647878,0.021099401,,
TMRWI0008CA,PH137401024,1/1/2018,Y,0.738382482,0.7096073,0.709661488,0.680723744,0.025978278,,
TMRWI000AE1,PH137401024,1/1/2019,Y,0.738382482,0.710124251,0.709658203,0.682798115,0.025220313,,
TMRWI0010C6,PH137401024,1/1/2020,Y,0.794317243,0.77836557,0.786304381,0.746536276,0.021898866,,
TMRWI00128F,PH137401024,1/1/2021,Y,0.804374,0.798246166,0.799920622,0.788769422,0.006742287,,
TMRWI00151F,PH137401024,1/1/2022,Y,0.810749449,0.770345192,0.799480569,0.671670179,0.066260513,,
TMRWI00028E,PH137401025,1/1/2016,Y,0.738880612,0.686643555,0.675124963,0.655876606,0.032626352,,
TMRWI0004C8,PH137401025,1/1/2017,Y,0.738502418,0.687205235,0.675124963,0.659163396,0.031825702,,
TMRWI0008CC,PH137401025,1/1/2018,Y,0.738382482,0.687196392,0.674314207,0.660482912,0.031641948,,
TMRWI000AFB,PH137401025,1/1/2019,Y,0.738382482,0.688490565,0.675326015,0.665919514,0.030451662,,
TMRWI0010BE,PH137401025,1/1/2020,Y,0.794317243,0.734976918,0.715224884,0.6848522,0.053949053,,
TMRWI00126C,PH137401025,1/1/2021,Y,0.804374,0.796900669,0.798615117,0.787911946,0.006089907,,
TMRWI001523,PH137401025,1/1/2022,Y,0.806704284,0.7940613,0.792256855,0.787026668,0.007554707,,
TMRWI000292,PH137401026,1/1/2016,Y,0.695817104,0.68786724,0.692659651,0.675124963,0.011147492,,
TMRWI000510,PH137401026,1/1/2017,Y,0.696201621,0.688846979,0.695214352,0.675124963,0.011893862,,
TMRWI0008CE,PH137401026,1/1/2018,Y,0.696201621,0.688287866,0.694347771,0.674314207,0.012136991,,
TMRWI000ABE,PH137401026,1/1/2019,Y,0.696195052,0.687376561,0.690608614,0.675326015,0.010803416,,
TMRWI001108,PH137401026,1/1/2020,Y,0.794317243,0.744656171,0.754799068,0.6848522,0.055432912,,
TMRWI0011C1,PH137401026,1/1/2021,Y,0.798615117,0.794774813,0.794710575,0.790998748,0.003808591,,
TMRWI001527,PH137401026,1/1/2022,Y,0.792256855,0.788464962,0.790101138,0.783036894,0.004822834,,
TMRWI00026A,PH137401027,1/1/2016,Y,0.7648559,0.7003061,0.69807091,0.662327907,0.028270679,,
TMRWI00051F,PH137401027,1/1/2017,Y,0.7648559,0.700461752,0.69807091,0.662327907,0.028212629,,
TMRWI0008D0,PH137401027,1/1/2018,Y,0.7648559,0.700061973,0.69716453,0.662327907,0.02817233,,
TMRWI000A9D,PH137401027,1/1/2019,Y,0.7648559,0.700307625,0.696890027,0.662327907,0.028123695,,
TMRWI0010F1,PH137401027,1/1/2020,Y,0.777159162,0.747192633,0.747515832,0.681921262,0.025351415,,
TMRWI0011AD,PH137401027,1/1/2021,Y,0.783609063,0.759081134,0.768735126,0.71132714,0.02127079,,
TMRWI00152C,PH137401027,1/1/2022,Y,0.782547483,0.759076865,0.763300485,0.71523806,0.019003354,,
TMRWI00026E,PH137503001,1/1/2016,Y,0.720391618,0.698997669,0.698997669,0.67760372,0.030255613,,
TMRWI0004F1,PH137503001,1/1/2017,Y,0.720391618,0.698997669,0.698997669,0.67760372,0.030255613,,
TMRWI0008E9,PH137503001,1/1/2018,Y,0.716174239,0.697946327,0.697946327,0.679718416,0.025778159,,
TMRWI000A9A,PH137503001,1/1/2019,Y,0.716174239,0.699369755,0.699369755,0.682565272,0.023765129,,
TMRWI000E63,PH137503001,1/1/2020,Y,0.725740413,0.713028273,0.713028273,0.700316133,0.017977681,,
TMRWI0011B4,PH137503001,1/1/2021,Y,0.752329558,0.747778899,0.747778899,0.74322824,0.006435604,,
TMRWI001531,PH137503001,1/1/2022,Y,0.755614565,0.750793217,0.750793217,0.745971868,0.006818416,,
TMRWI000276,PH137503002,1/1/2016,Y,0.67760372,0.646079106,0.674034443,0.586599154,0.051542055,,
TMRWI00050B,PH137503002,1/1/2017,Y,0.67760372,0.644128986,0.67709542,0.577687819,0.0575403,,
TMRWI0008EB,PH137503002,1/1/2018,Y,0.679718416,0.646328408,0.674034443,0.585232364,0.052986997,,
TMRWI000A98,PH137503002,1/1/2019,Y,0.682565272,0.642970037,0.67141104,0.574933801,0.059184469,,
TMRWI000E3A,PH137503002,1/1/2020,Y,0.727980742,0.688164331,0.700316133,0.636196118,0.047083479,,
TMRWI00113C,PH137503002,1/1/2021,Y,0.756087754,0.715563896,0.74322824,0.647375694,0.059401725,,
TMRWI001535,PH137503002,1/1/2022,Y,0.762191916,0.70940847,0.745971868,0.620061626,0.077800491,,
TMRWI00027A,PH137503003,1/1/2016,Y,0.674034443,0.630316798,0.630316798,0.586599154,0.061826086,,
TMRWI0004B2,PH137503003,1/1/2017,Y,0.67709542,0.627391619,0.627391619,0.577687819,0.070291789,,
TMRWI000904,PH137503003,1/1/2018,Y,0.674034443,0.629633404,0.629633404,0.585232364,0.062792552,,
TMRWI000A95,PH137503003,1/1/2019,Y,0.67141104,0.62317242,0.62317242,0.574933801,0.06821971,,
TMRWI000E72,PH137503003,1/1/2020,Y,0.727980742,0.68208843,0.68208843,0.636196118,0.06490153,,
TMRWI001166,PH137503003,1/1/2021,Y,0.756087754,0.701731724,0.701731724,0.647375694,0.076871035,,
TMRWI00152A,PH137503003,1/1/2022,Y,0.762191916,0.691126771,0.691126771,0.620061626,0.100501291,,
TMRWI0002B2,PH137503004,1/1/2016,Y,0.684119064,0.647223811,0.658976235,0.586599154,0.039094678,,
TMRWI000466,PH137503004,1/1/2017,Y,0.684119064,0.646444354,0.658999967,0.577687819,0.042985429,,
TMRWI000906,PH137503004,1/1/2018,Y,0.679683139,0.646240118,0.658976235,0.585232364,0.038546156,,
TMRWI000A94,PH137503004,1/1/2019,Y,0.677191218,0.642525338,0.655086139,0.574933801,0.041337336,,
TMRWI000E92,PH137503004,1/1/2020,Y,0.727980742,0.669522732,0.662037164,0.636196118,0.035059594,,
TMRWI0012A4,PH137503004,1/1/2021,Y,0.761606983,0.732806633,0.755645796,0.647375694,0.048223464,,
TMRWI001502,PH137503004,1/1/2022,Y,0.762191916,0.727970787,0.75290865,0.620061626,0.060531247,,
TMRWI0002B6,PH137503005,1/1/2016,Y,0.70940505,0.654158328,0.647584491,0.612059279,0.040531284,,
TMRWI000474,PH137503005,1/1/2017,Y,0.710089649,0.654428575,0.647782687,0.612059279,0.040751961,,
TMRWI000908,PH137503005,1/1/2018,Y,0.712180982,0.654702345,0.64859354,0.609441319,0.042561785,,
TMRWI000A90,PH137503005,1/1/2019,Y,0.712180982,0.653820523,0.647584491,0.60793213,0.043231385,,
TMRWI000E89,PH137503005,1/1/2020,Y,0.658585656,0.626685767,0.623317997,0.601521417,0.027940411,,
TMRWI001210,PH137503005,1/1/2021,Y,0.752680433,0.714047466,0.705714228,0.692080976,0.028049241,,
TMRWI001507,PH137503005,1/1/2022,Y,0.758515252,0.717536558,0.713594075,0.684442832,0.033820745,,
TMRWI0002BC,PH137503006,1/1/2016,Y,0.67760372,0.67760372,0.67760372,0.67760372,,,
TMRWI000446,PH137503006,1/1/2017,Y,0.67760372,0.67760372,0.67760372,0.67760372,,,
TMRWI00090A,PH137503006,1/1/2018,Y,0.679718416,0.679718416,0.679718416,0.679718416,,,
TMRWI000A8F,PH137503006,1/1/2019,Y,0.682565272,0.682565272,0.682565272,0.682565272,,,
TMRWI000DE2,PH137503006,1/1/2020,Y,0.700316133,0.700316133,0.700316133,0.700316133,,,
TMRWI00121E,PH137503006,1/1/2021,Y,0.74322824,0.74322824,0.74322824,0.74322824,,,
TMRWI00150B,PH137503006,1/1/2022,Y,0.745971868,0.745971868,0.745971868,0.745971868,,,
TMRWI0002C2,PH137503007,1/1/2016,Y,0.67760372,0.632101437,0.632101437,0.586599154,0.064349946,,
TMRWI000454,PH137503007,1/1/2017,Y,0.67760372,0.627645769,0.627645769,0.577687819,0.070651211,,
TMRWI00090D,PH137503007,1/1/2018,Y,0.679718416,0.63247539,0.63247539,0.585232364,0.066811728,,
TMRWI000A8C,PH137503007,1/1/2019,Y,0.682565272,0.628749536,0.628749536,0.574933801,0.076106943,,
TMRWI000DBC,PH137503007,1/1/2020,Y,0.700316133,0.668256126,0.668256126,0.636196118,0.045339697,,
TMRWI00114F,PH137503007,1/1/2021,Y,0.74322824,0.695301967,0.695301967,0.647375694,0.067777985,,
TMRWI00150F,PH137503007,1/1/2022,Y,0.745971868,0.683016747,0.683016747,0.620061626,0.089031986,,
TMRWI00029A,PH137503008,1/1/2016,Y,0.674034443,0.622402724,0.61448865,0.586599154,0.039639724,,
TMRWI00049F,PH137503008,1/1/2017,Y,0.67709542,0.623320153,0.619248686,0.577687819,0.042667325,,
TMRWI00090E,PH137503008,1/1/2018,Y,0.674034443,0.62228209,0.614930776,0.585232364,0.040133318,,
TMRWI000A8A,PH137503008,1/1/2019,Y,0.67141104,0.619465363,0.615758306,0.574933801,0.042327078,,
TMRWI000E21,PH137503008,1/1/2020,Y,0.727980742,0.654262323,0.653151384,0.582765784,0.060892229,,
TMRWI00118F,PH137503008,1/1/2021,Y,0.756087754,0.692286984,0.701510745,0.610038691,0.074981515,,
TMRWI001514,PH137503008,1/1/2022,Y,0.762191916,0.688483874,0.686485138,0.618773304,0.079842751,,
TMRWI00029E,PH137503009,1/1/2016,Y,0.702703977,0.64778594,0.651086724,0.584004264,0.040522705,,
TMRWI0004AC,PH137503009,1/1/2017,Y,0.703146225,0.648787169,0.652375355,0.584004264,0.040766534,,
TMRWI000910,PH137503009,1/1/2018,Y,0.700080194,0.647185576,0.651772995,0.584004264,0.039407431,,
TMRWI000A87,PH137503009,1/1/2019,Y,0.691206873,0.645364367,0.651108268,0.584022609,0.037011272,,
TMRWI000DF7,PH137503009,1/1/2020,Y,0.727980742,0.657430572,0.661723476,0.599172013,0.038733436,,
TMRWI001168,PH137503009,1/1/2021,Y,0.761606983,0.724969391,0.744244213,0.625790765,0.046282338,,
TMRWI001519,PH137503009,1/1/2022,Y,0.762191916,0.724568526,0.749709061,0.618325311,0.04927605,,
TMRWI0002A4,PH137503010,1/1/2016,Y,0.720391618,0.67705108,0.67760372,0.627321449,0.039056696,,
TMRWI00047D,PH137503010,1/1/2017,Y,0.720391618,0.676373804,0.67760372,0.626510725,0.040028129,,
TMRWI000912,PH137503010,1/1/2018,Y,0.716174239,0.677023585,0.679718416,0.626510725,0.03882444,,
TMRWI000A85,PH137503010,1/1/2019,Y,0.716174239,0.677664675,0.682565272,0.626869321,0.038777065,,
TMRWI000E0F,PH137503010,1/1/2020,Y,0.725740413,0.674455408,0.682598919,0.605035921,0.045924285,,
TMRWI001292,PH137503010,1/1/2021,Y,0.752680433,0.735023591,0.74322824,0.710066819,0.020205485,,
TMRWI00153B,PH137503010,1/1/2022,Y,0.758515252,0.746055677,0.745971868,0.731285795,0.011358958,,
TMRWI0002AA,PH137503011,1/1/2016,Y,0.702703977,0.677032434,0.685196111,0.643197213,0.030581824,,
TMRWI00048B,PH137503011,1/1/2017,Y,0.703146225,0.678031026,0.685196111,0.645750743,0.029360929,,
TMRWI000914,PH137503011,1/1/2018,Y,0.700080194,0.676615353,0.685196111,0.644569755,0.028732808,,
TMRWI000AA0,PH137503011,1/1/2019,Y,0.691206873,0.67474267,0.685890739,0.647130397,0.024060206,,
TMRWI000F62,PH137503011,1/1/2020,Y,0.70663294,0.664692725,0.671284761,0.616160475,0.045595043,,
TMRWI001224,PH137503011,1/1/2021,Y,0.767293839,0.744494153,0.745171487,0.721017134,0.023145787,,
TMRWI00155D,PH137503011,1/1/2022,Y,0.773120966,0.747023628,0.750975355,0.716974562,0.028281032,,
TMRWI00036E,PH137503012,1/1/2016,Y,0.650533563,0.636733004,0.642169587,0.612059279,0.017034491,,
TMRWI000490,PH137503012,1/1/2017,Y,0.648292066,0.637633061,0.64509045,0.612059279,0.017208406,,
TMRWI000916,PH137503012,1/1/2018,Y,0.650533563,0.636583039,0.643178636,0.609441319,0.018640847,,
TMRWI000ABD,PH137503012,1/1/2019,Y,0.650533563,0.635647962,0.642063078,0.60793213,0.019020075,,
TMRWI000F44,PH137503012,1/1/2020,Y,0.641600073,0.622103809,0.622646873,0.601521417,0.021791591,,
TMRWI001238,PH137503012,1/1/2021,Y,0.752680433,0.711530644,0.700680584,0.692080976,0.028169792,,
TMRWI001562,PH137503012,1/1/2022,Y,0.758515252,0.710611414,0.699743786,0.684442832,0.032890202,,
TMRWI00036B,PH137503013,1/1/2016,Y,0.663078575,0.646515266,0.647486083,0.626306598,0.012804506,,
TMRWI00049C,PH137503013,1/1/2017,Y,0.665306501,0.647221624,0.650527115,0.620859463,0.014887881,,
TMRWI000901,PH137503013,1/1/2018,Y,0.666313623,0.648571178,0.649406875,0.631565442,0.012172938,,
TMRWI000ABB,PH137503013,1/1/2019,Y,0.66773622,0.646758287,0.647486083,0.62669868,0.013686039,,
TMRWI000F99,PH137503013,1/1/2020,Y,0.678153304,0.635973271,0.641018106,0.601521417,0.027851067,,
TMRWI0011FF,PH137503013,1/1/2021,Y,0.735625619,0.689012749,0.700680584,0.630658603,0.041248684,,
TMRWI001567,PH137503013,1/1/2022,Y,0.740181373,0.69596694,0.70399494,0.620192371,0.040170447,,
TMRWI00032C,PH137503014,1/1/2016,Y,0.655030498,0.618566113,0.612798088,0.582721418,0.025357318,,
TMRWI00043F,PH137503014,1/1/2017,Y,0.653201956,0.618971497,0.61440294,0.579507607,0.025578633,,
TMRWI0008FF,PH137503014,1/1/2018,Y,0.655030498,0.619659529,0.614920587,0.579507607,0.025509757,,
TMRWI000AB9,PH137503014,1/1/2019,Y,0.651651919,0.619414836,0.614687763,0.581738289,0.02429199,,
TMRWI000F71,PH137503014,1/1/2020,Y,0.678153304,0.619819074,0.611397535,0.55614407,0.034091,,
TMRWI001293,PH137503014,1/1/2021,Y,0.735625619,0.644294876,0.627395021,0.575343056,0.051339065,,
TMRWI00156B,PH137503014,1/1/2022,Y,0.740181373,0.651513467,0.64536371,0.56852028,0.056849467,,
TMRWI00034B,PH137603001,1/1/2016,Y,0.709515337,0.66272828,0.671141831,0.591997012,0.037361448,,
TMRWI000509,PH137603001,1/1/2017,Y,0.709515337,0.664063809,0.672678009,0.59250573,0.036708041,,
TMRWI0008ED,PH137603001,1/1/2018,Y,0.709424521,0.660684393,0.672186099,0.592545375,0.037237148,,
TMRWI000AB6,PH137603001,1/1/2019,Y,0.709466162,0.660346135,0.669160252,0.59250573,0.037524388,,
TMRWI000F88,PH137603001,1/1/2020,Y,0.770630794,0.701178058,0.693962212,0.601524632,0.0474477,,
TMRWI00129F,PH137603001,1/1/2021,Y,0.801155959,0.778828515,0.777790076,0.736160118,0.0167716,,
TMRWI00156F,PH137603001,1/1/2022,Y,0.807458055,0.786267502,0.787817131,0.766889008,0.011980967,,
TMRWI00034F,PH137603002,1/1/2016,Y,0.745249485,0.673201723,0.686324661,0.591997012,0.054389214,,
TMRWI00051E,PH137603002,1/1/2017,Y,0.741540948,0.674149237,0.688321103,0.59250573,0.053820996,,
TMRWI0008EF,PH137603002,1/1/2018,Y,0.749896568,0.673925938,0.686090228,0.592545375,0.05470014,,
TMRWI000AB4,PH137603002,1/1/2019,Y,0.749896568,0.67408292,0.686090228,0.59250573,0.054816213,,
TMRWI000EEB,PH137603002,1/1/2020,Y,0.770630794,0.700551233,0.691692207,0.659124594,0.033592274,,
TMRWI00124F,PH137603002,1/1/2021,Y,0.803468761,0.774542406,0.768126752,0.759724492,0.016435428,,
TMRWI001574,PH137603002,1/1/2022,Y,0.807458055,0.779825627,0.773254675,0.766889008,0.014628087,,
TMRWI000338,PH137603003,1/1/2016,Y,0.672551918,0.641288632,0.668224107,0.570789622,0.045780047,,
TMRWI0004BF,PH137603003,1/1/2017,Y,0.673860945,0.642690828,0.670876117,0.570789622,0.046957118,,
TMRWI0008F1,PH137603003,1/1/2018,Y,0.672905083,0.642059692,0.668121907,0.570425611,0.046639292,,
TMRWI000AB1,PH137603003,1/1/2019,Y,0.672540998,0.642352537,0.670010273,0.570974739,0.046676322,,
TMRWI000EC3,PH137603003,1/1/2020,Y,0.693246993,0.65598204,0.677525713,0.575280472,0.046706335,,
TMRWI0011E7,PH137603003,1/1/2021,Y,0.78431297,0.712686102,0.747190906,0.592931599,0.081871134,,
TMRWI00153C,PH137603003,1/1/2022,Y,0.783315681,0.712635596,0.740037708,0.592931599,0.07481311,,
TMRWI000363,PH137603004,1/1/2016,Y,0.838737154,0.699195057,0.686472481,0.656141147,0.047130758,,
TMRWI0004E0,PH137603004,1/1/2017,Y,0.838737154,0.69938634,0.686534003,0.660966515,0.046481526,,
TMRWI0008F3,PH137603004,1/1/2018,Y,0.840901804,0.697188897,0.681473072,0.660966515,0.048067312,,
TMRWI000AB0,PH137603004,1/1/2019,Y,0.839720382,0.69638391,0.680090715,0.656970076,0.04792106,,
TMRWI000F1A,PH137603004,1/1/2020,Y,0.858018376,0.715157079,0.69131259,0.601524632,0.067905283,,
TMRWI00117B,PH137603004,1/1/2021,Y,0.852915231,0.777971545,0.775878846,0.736160118,0.030353021,,
TMRWI001540,PH137603004,1/1/2022,Y,0.840405106,0.781750217,0.780035778,0.740037708,0.024846291,,
TMRWI000360,PH137603005,1/1/2016,Y,0.731102646,0.656874808,0.658929726,0.56699159,0.044314764,,
TMRWI0003A2,PH137603005,1/1/2017,Y,0.734728,0.657077643,0.66025528,0.56699159,0.045000094,,
TMRWI0008F5,PH137603005,1/1/2018,Y,0.731131518,0.656689725,0.6600075,0.56699159,0.04406535,,
TMRWI000AAC,PH137603005,1/1/2019,Y,0.731563614,0.655665763,0.656263711,0.56699159,0.044371558,,
TMRWI000EF3,PH137603005,1/1/2020,Y,0.785729719,0.684381156,0.686964775,0.542253685,0.051910279,,
TMRWI001149,PH137603005,1/1/2021,Y,0.812064908,0.73557865,0.748048883,0.585680204,0.065514933,,
TMRWI001544,PH137603005,1/1/2022,Y,0.809275113,0.74268422,0.756811637,0.591590301,0.062177536,,
TMRWI000354,PH137603006,1/1/2016,Y,0.789809243,0.700231203,0.704653683,0.607606936,0.03818193,,
TMRWI000372,PH137603006,1/1/2017,Y,0.792340548,0.700057816,0.706445819,0.604811932,0.039144495,,
TMRWI0008F7,PH137603006,1/1/2018,Y,0.789809243,0.699465256,0.703896199,0.6060263,0.038769475,,
TMRWI000AAB,PH137603006,1/1/2019,Y,0.789809243,0.700072184,0.704443353,0.597785199,0.039325177,,
TMRWI000EF9,PH137603006,1/1/2020,Y,0.785729719,0.718403389,0.717413242,0.659306458,0.0310057,,
TMRWI0011C2,PH137603006,1/1/2021,Y,0.812064908,0.780767779,0.790253167,0.711592819,0.025050564,,
TMRWI001556,PH137603006,1/1/2022,Y,0.809275113,0.784941061,0.786612223,0.74856442,0.016181823,,
TMRWI000344,PH137603007,1/1/2016,Y,0.739683536,0.670732325,0.671203112,0.570789622,0.047384512,,
TMRWI00040E,PH137603007,1/1/2017,Y,0.739683536,0.671166202,0.671741377,0.570789622,0.047248085,,
TMRWI0008F9,PH137603007,1/1/2018,Y,0.739683536,0.669924466,0.671441457,0.570425611,0.047982922,,
TMRWI000AA8,PH137603007,1/1/2019,Y,0.739683536,0.67047195,0.671668803,0.570974739,0.047951444,,
TMRWI000FA4,PH137603007,1/1/2020,Y,0.741238808,0.686394067,0.688558637,0.603092247,0.032380492,,
TMRWI0011D7,PH137603007,1/1/2021,Y,0.828423843,0.757389039,0.764724992,0.597585266,0.057333912,,
TMRWI00154E,PH137603007,1/1/2022,Y,0.836363902,0.766167261,0.781395752,0.620143531,0.055496596,,
TMRWI000330,PH137603008,1/1/2016,Y,0.750029404,0.656387754,0.642829868,0.560065699,0.054840333,,
TMRWI000424,PH137603008,1/1/2017,Y,0.750029404,0.656731125,0.644219405,0.558696265,0.055191081,,
TMRWI0008FB,PH137603008,1/1/2018,Y,0.750029404,0.65495331,0.641955462,0.559245455,0.054932279,,
TMRWI000AA6,PH137603008,1/1/2019,Y,0.74703357,0.654668225,0.640395212,0.559886375,0.054163605,,
TMRWI000DC6,PH137603008,1/1/2020,Y,0.785729719,0.690478241,0.687804529,0.589758994,0.049479049,,
TMRWI001189,PH137603008,1/1/2021,Y,0.804912054,0.737422128,0.752918616,0.595545922,0.064156311,,
TMRWI001552,PH137603008,1/1/2022,Y,0.809275113,0.74210192,0.752506214,0.625606375,0.055856635,,
TMRWI00035F,PH137603009,1/1/2016,Y,0.789809243,0.696460643,0.695905993,0.60405695,0.035805072,,
TMRWI0003E2,PH137603009,1/1/2017,Y,0.792340548,0.696686567,0.696471428,0.60400906,0.036469203,,
TMRWI0008FD,PH137603009,1/1/2018,Y,0.789809243,0.69461506,0.694025652,0.599599151,0.036660873,,
TMRWI000AA3,PH137603009,1/1/2019,Y,0.789809243,0.693125848,0.693519058,0.598493987,0.036863885,,
TMRWI000E6A,PH137603009,1/1/2020,Y,0.782646289,0.725829141,0.731009365,0.601524632,0.037268465,,
TMRWI0013EF,PH137603009,1/1/2021,Y,0.801811926,0.769129057,0.770999995,0.726915764,0.022604085,,
TMRWI001808,PH137603009,1/1/2022,Y,0.793284955,0.760023127,0.773798729,0.651523161,0.033242855,,
